{
  "vercel_deployment": {
    "project_structure": {
      "frontend": "pages/ or app/ directory",
      "api": "pages/api/ or app/api/",
      "components": "components/",
      "hooks": "hooks/",
      "stores": "stores/",
      "utils": "utils/"
    },
    "environment_variables": [
      "NEXT_PUBLIC_SOCKET_URL",
      "DATABASE_URL",
      "REDIS_URL",
      "NEXTAUTH_SECRET",
      "NEXTAUTH_URL"
    ],
    "vercel_config": "\n{\n  \"functions\": {\n    \"pages/api/socket.js\": {\n      \"maxDuration\": 30\n    }\n  },\n  \"rewrites\": [\n    {\n      \"source\": \"/socket.io/(.*)\",\n      \"destination\": \"/api/socket\"\n    }\n  ]\n}\n",
    "performance_monitoring": [
      "Vercel Analytics integration",
      "Error tracking with Sentry",
      "Performance monitoring with DataDog",
      "Real-time alerting setup",
      "Database performance tracking"
    ]
  }
}