{
  "real_time_dashboard_implementation": {
    "architecture_components": {
      "frontend": {
        "framework": "React/Next.js",
        "libraries": [
          "Socket.io-client",
          "Recharts",
          "React-Query",
          "Axios"
        ],
        "state_management": "Zustand or Redux Toolkit",
        "styling": "Tailwind CSS"
      },
      "backend": {
        "framework": "Node.js/Express",
        "real_time": "Socket.io",
        "database": "PostgreSQL + Redis",
        "streaming": "Apache Kafka (optional)",
        "api": "GraphQL or REST"
      },
      "deployment": {
        "platform": "Vercel",
        "edge_functions": "Vercel Edge Runtime",
        "streaming": "Vercel AI SDK",
        "database": "Vercel Postgres"
      }
    },
    "implementation_phases": {
      "phase_1": {
        "name": "Foundation Setup",
        "duration": "1-2 weeks",
        "tasks": [
          "Next.js project setup with TypeScript",
          "Socket.io server configuration",
          "Database schema design",
          "Basic authentication system"
        ]
      },
      "phase_2": {
        "name": "Real-time Infrastructure",
        "duration": "2-3 weeks",
        "tasks": [
          "WebSocket connection management",
          "Real-time data streaming setup",
          "Event handling architecture",
          "Error handling and reconnection logic"
        ]
      },
      "phase_3": {
        "name": "KPI Dashboard Components",
        "duration": "2-3 weeks",
        "tasks": [
          "KPI widget components",
          "Chart integration with Recharts",
          "Drill-down functionality",
          "Data filtering and aggregation"
        ]
      },
      "phase_4": {
        "name": "Advanced Features",
        "duration": "3-4 weeks",
        "tasks": [
          "AI-powered insights",
          "Predictive analytics",
          "Custom dashboard builder",
          "Performance optimization"
        ]
      }
    }
  }
}