Layer,Category,Component,Priority,Implementation_Complexity
Foundation Layer,Design Tokens,Colors,High,Low
Foundation Layer,Design Tokens,Typography,High,Low
Foundation Layer,Design Tokens,Spacing,High,Low
Foundation Layer,Design Tokens,Elevation,High,Low
Foundation Layer,Design Tokens,Motion,High,Low
Foundation Layer,Cognitive Principles,Progressive Disclosure,High,Low
Foundation Layer,Cognitive Principles,Chunking,High,Low
Foundation Layer,Cognitive Principles,Recognition over Recall,High,Low
Foundation Layer,Cognitive Principles,Consistency,High,Low
Foundation Layer,Cognitive Principles,Error Prevention,High,Low
Foundation Layer,Brand Elements,Visual Identity,High,Low
Foundation Layer,Brand Elements,Voice & Tone,High,Low
Foundation Layer,Brand Elements,Iconography,High,Low
Foundation Layer,Brand Elements,Imagery,High,Low
Foundation Layer,Brand Elements,Logo System,High,Low
Component Layer,Data Visualization,Charts & Graphs,High,Medium
Component Layer,Data Visualization,KPI Cards,High,Medium
Component Layer,Data Visualization,Real-time Indicators,High,Medium
Component Layer,Data Visualization,Progress Bars,High,Medium
Component Layer,Data Visualization,Heatmaps,High,Medium
Component Layer,Navigation,Sidebar,High,Medium
Component Layer,Navigation,Breadcrumbs,High,Medium
Component Layer,Navigation,Tabs,High,Medium
Component Layer,Navigation,Pagination,High,Medium
Component Layer,Navigation,Command Palette,High,Medium
Component Layer,Input Controls,Forms,High,Medium
Component Layer,Input Controls,Filters,High,Medium
Component Layer,Input Controls,Search,High,Medium
Component Layer,Input Controls,Date Pickers,High,Medium
Component Layer,Input Controls,Toggles,High,Medium
Component Layer,Feedback,Notifications,High,Medium
Component Layer,Feedback,Loading States,High,Medium
Component Layer,Feedback,Error Messages,High,Medium
Component Layer,Feedback,Success States,High,Medium
Component Layer,Feedback,Tooltips,High,Medium
Pattern Layer,Dashboard Layouts,Grid System,Medium,High
Pattern Layer,Dashboard Layouts,Panel Organization,Medium,High
Pattern Layer,Dashboard Layouts,Responsive Breakpoints,Medium,High
Pattern Layer,Dashboard Layouts,Information Hierarchy,Medium,High
Pattern Layer,Data Storytelling,Narrative Flow,Medium,High
Pattern Layer,Data Storytelling,Contextual Insights,Medium,High
Pattern Layer,Data Storytelling,Comparative Analysis,Medium,High
Pattern Layer,Data Storytelling,Trend Visualization,Medium,High
Pattern Layer,Interaction Patterns,Drill-down,Medium,High
Pattern Layer,Interaction Patterns,Hover States,Medium,High
Pattern Layer,Interaction Patterns,Animations,Medium,High
Pattern Layer,Interaction Patterns,Gestures,Medium,High
Pattern Layer,Interaction Patterns,Keyboard Navigation,Medium,High
Platform Layer,TRAXOVO,Travel Analytics,Medium,High
Platform Layer,TRAXOVO,Route Optimization,Medium,High
Platform Layer,TRAXOVO,Predictive Modeling,Medium,High
Platform Layer,TRAXOVO,Real-time Tracking,Medium,High
Platform Layer,DWC,Workload Management,Medium,High
Platform Layer,DWC,Resource Allocation,Medium,High
Platform Layer,DWC,Performance Monitoring,Medium,High
Platform Layer,DWC,Automation Dashboard,Medium,High
Platform Layer,JDD,Job Diagnostics,Medium,High
Platform Layer,JDD,Demand Analysis,Medium,High
Platform Layer,JDD,Economic Indicators,Medium,High
Platform Layer,JDD,Sector Performance,Medium,High
Platform Layer,CryptoNexusTrade,Portfolio Management,Medium,High
Platform Layer,CryptoNexusTrade,Market Analysis,Medium,High
Platform Layer,CryptoNexusTrade,Trading Signals,Medium,High
Platform Layer,CryptoNexusTrade,Risk Assessment,Medium,High
