{
  "real_time_dashboard_performance": {
    "optimization_strategies": {
      "frontend_optimization": {
        "react_performance": [
          "Use React.memo for expensive components",
          "Implement useMemo for expensive calculations",
          "Use useCallback for event handlers",
          "Virtualize large lists with react-window",
          "Lazy load components with React.lazy"
        ],
        "data_handling": [
          "Implement data throttling/debouncing",
          "Use pagination for large datasets",
          "Cache frequently accessed data",
          "Implement optimistic updates",
          "Use WebWorkers for heavy calculations"
        ],
        "rendering_optimization": [
          "Minimize DOM updates with batching",
          "Use CSS transforms for animations",
          "Implement canvas for complex visualizations",
          "Optimize chart re-renders",
          "Use SVG for simple graphics"
        ]
      },
      "backend_optimization": {
        "database_performance": [
          "Index frequently queried columns",
          "Use connection pooling",
          "Implement query result caching",
          "Partition large tables by time",
          "Use materialized views for aggregations"
        ],
        "real_time_streaming": [
          "Implement message buffering",
          "Use compression for data transfer",
          "Batch multiple updates together",
          "Implement backpressure handling",
          "Use binary protocols for speed"
        ],
        "caching_strategies": [
          "Redis for session data",
          "Application-level caching",
          "CDN for static assets",
          "Database query result caching",
          "API response caching with TTL"
        ]
      },
      "infrastructure_optimization": {
        "vercel_specific": [
          "Use Edge Functions for low latency",
          "Implement ISR for semi-static content",
          "Optimize bundle size with tree shaking",
          "Use Vercel Analytics for monitoring",
          "Implement proper error boundaries"
        ],
        "general_infrastructure": [
          "Use CDN for global distribution",
          "Implement load balancing",
          "Monitor performance metrics",
          "Set up alerting for issues",
          "Use auto-scaling for traffic spikes"
        ]
      }
    },
    "performance_targets": {
      "frontend_metrics": {
        "initial_load": "< 2 seconds",
        "time_to_interactive": "< 3 seconds",
        "first_contentful_paint": "< 1.5 seconds",
        "largest_contentful_paint": "< 2.5 seconds",
        "cumulative_layout_shift": "< 0.1"
      },
      "real_time_metrics": {
        "websocket_connection": "< 500ms",
        "data_update_latency": "< 100ms",
        "chart_render_time": "< 50ms",
        "ui_response_time": "< 16ms (60fps)",
        "memory_usage": "< 100MB baseline"
      },
      "backend_metrics": {
        "api_response_time": "< 200ms",
        "database_query_time": "< 100ms",
        "websocket_message_rate": "> 1000 msg/sec",
        "concurrent_connections": "> 10,000",
        "uptime": "> 99.9%"
      }
    }
  }
}