{
  "advanced_dashboard_patterns": {
    "state_management": {
      "zustand_store": "\n// Advanced Zustand store for dashboard state\nimport { create } from 'zustand';\nimport { subscribeWithSelector } from 'zustand/middleware';\nimport { immer } from 'zustand/middleware/immer';\n\ninterface DashboardState {\n  kpis: KPIData[];\n  filters: {\n    timeRange: string;\n    categories: string[];\n    regions: string[];\n  };\n  ui: {\n    selectedKPI: string | null;\n    isLoading: boolean;\n    errors: string[];\n  };\n  realTime: {\n    isConnected: boolean;\n    lastUpdate: string;\n    updateCount: number;\n  };\n}\n\ninterface DashboardActions {\n  updateKPI: (kpi: KPIData) => void;\n  setFilters: (filters: Partial<DashboardState['filters']>) => void;\n  selectKPI: (kpiId: string | null) => void;\n  setConnectionStatus: (connected: boolean) => void;\n  addError: (error: string) => void;\n  clearErrors: () => void;\n}\n\nconst useDashboardStore = create<DashboardState & DashboardActions>()(\n  subscribeWithSelector(\n    immer((set, get) => ({\n      // Initial state\n      kpis: [],\n      filters: {\n        timeRange: '24h',\n        categories: [],\n        regions: []\n      },\n      ui: {\n        selectedKPI: null,\n        isLoading: false,\n        errors: []\n      },\n      realTime: {\n        isConnected: false,\n        lastUpdate: '',\n        updateCount: 0\n      },\n\n      // Actions\n      updateKPI: (kpi) => set((state) => {\n        const index = state.kpis.findIndex(k => k.id === kpi.id);\n        if (index !== -1) {\n          state.kpis[index] = kpi;\n        } else {\n          state.kpis.push(kpi);\n        }\n        state.realTime.lastUpdate = new Date().toISOString();\n        state.realTime.updateCount += 1;\n      }),\n\n      setFilters: (newFilters) => set((state) => {\n        Object.assign(state.filters, newFilters);\n      }),\n\n      selectKPI: (kpiId) => set((state) => {\n        state.ui.selectedKPI = kpiId;\n      }),\n\n      setConnectionStatus: (connected) => set((state) => {\n        state.realTime.isConnected = connected;\n      }),\n\n      addError: (error) => set((state) => {\n        state.ui.errors.push(error);\n      }),\n\n      clearErrors: () => set((state) => {\n        state.ui.errors = [];\n      })\n    }))\n  )\n);\n\nexport default useDashboardStore;\n",
      "performance_hooks": "\n// Performance-optimized hooks for dashboard\nimport { useMemo, useCallback, useRef, useEffect } from 'react';\nimport { debounce, throttle } from 'lodash';\n\n// Throttled data updates for high-frequency streams\nexport const useThrottledUpdates = <T>(data: T, delay: number = 100): T => {\n  const [throttledData, setThrottledData] = useState(data);\n\n  const updateData = useCallback(\n    throttle((newData: T) => {\n      setThrottledData(newData);\n    }, delay),\n    [delay]\n  );\n\n  useEffect(() => {\n    updateData(data);\n  }, [data, updateData]);\n\n  return throttledData;\n};\n\n// Optimized chart data processing\nexport const useChartData = (rawData: any[], config: ChartConfig) => {\n  return useMemo(() => {\n    if (!rawData.length) return [];\n\n    // Process data based on chart type and configuration\n    return rawData\n      .filter(item => item.value != null)\n      .map(item => ({\n        ...item,\n        value: Number(item.value),\n        formattedValue: config.formatter ? config.formatter(item.value) : item.value\n      }))\n      .slice(-config.maxDataPoints || 100); // Limit data points for performance\n  }, [rawData, config]);\n};\n\n// Debounced filter updates\nexport const useDebouncedFilters = (filters: any, delay: number = 300) => {\n  const [debouncedFilters, setDebouncedFilters] = useState(filters);\n\n  const updateFilters = useCallback(\n    debounce((newFilters: any) => {\n      setDebouncedFilters(newFilters);\n    }, delay),\n    [delay]\n  );\n\n  useEffect(() => {\n    updateFilters(filters);\n  }, [filters, updateFilters]);\n\n  return debouncedFilters;\n};\n\n// Intersection observer for lazy loading\nexport const useIntersectionObserver = (threshold: number = 0.1) => {\n  const [isVisible, setIsVisible] = useState(false);\n  const elementRef = useRef<HTMLDivElement>(null);\n\n  useEffect(() => {\n    const observer = new IntersectionObserver(\n      ([entry]) => {\n        setIsVisible(entry.isIntersecting);\n      },\n      { threshold }\n    );\n\n    if (elementRef.current) {\n      observer.observe(elementRef.current);\n    }\n\n    return () => observer.disconnect();\n  }, [threshold]);\n\n  return { elementRef, isVisible };\n};\n"
    },
    "data_processing": {
      "stream_processing": "\n// Advanced stream processing for real-time data\nclass StreamProcessor {\n  private buffer: Map<string, any[]> = new Map();\n  private processors: Map<string, Function> = new Map();\n  private intervals: Map<string, NodeJS.Timeout> = new Map();\n\n  constructor(private config: StreamConfig) {}\n\n  addDataStream(streamId: string, processor: Function, bufferSize: number = 100) {\n    this.buffer.set(streamId, []);\n    this.processors.set(streamId, processor);\n\n    // Set up periodic processing\n    const interval = setInterval(() => {\n      this.processBuffer(streamId);\n    }, this.config.processInterval || 1000);\n\n    this.intervals.set(streamId, interval);\n  }\n\n  addData(streamId: string, data: any) {\n    const buffer = this.buffer.get(streamId) || [];\n    buffer.push({\n      ...data,\n      timestamp: Date.now()\n    });\n\n    // Maintain buffer size\n    const maxSize = this.config.bufferSize || 1000;\n    if (buffer.length > maxSize) {\n      buffer.shift();\n    }\n\n    this.buffer.set(streamId, buffer);\n  }\n\n  private processBuffer(streamId: string) {\n    const buffer = this.buffer.get(streamId) || [];\n    const processor = this.processors.get(streamId);\n\n    if (buffer.length === 0 || !processor) return;\n\n    try {\n      const processedData = processor(buffer);\n      this.emit('processed_data', { streamId, data: processedData });\n\n      // Clear processed data\n      this.buffer.set(streamId, []);\n    } catch (error) {\n      console.error(`Error processing stream ${streamId}:`, error);\n    }\n  }\n\n  private emit(event: string, data: any) {\n    // Emit to WebSocket clients or event bus\n    this.config.emitter?.emit(event, data);\n  }\n\n  destroy() {\n    this.intervals.forEach(interval => clearInterval(interval));\n    this.buffer.clear();\n    this.processors.clear();\n    this.intervals.clear();\n  }\n}\n",
      "aggregation_engine": "\n// Real-time aggregation engine\nclass AggregationEngine {\n  private aggregators: Map<string, Aggregator> = new Map();\n\n  createAggregator(id: string, config: AggregationConfig): Aggregator {\n    const aggregator = new Aggregator(config);\n    this.aggregators.set(id, aggregator);\n    return aggregator;\n  }\n\n  processData(aggregatorId: string, data: any[]) {\n    const aggregator = this.aggregators.get(aggregatorId);\n    if (!aggregator) throw new Error(`Aggregator ${aggregatorId} not found`);\n\n    return aggregator.process(data);\n  }\n}\n\nclass Aggregator {\n  private windowData: Map<string, any[]> = new Map();\n\n  constructor(private config: AggregationConfig) {}\n\n  process(data: any[]) {\n    const now = Date.now();\n    const windowSize = this.config.windowSize || 60000; // 1 minute default\n\n    // Group data by time windows\n    data.forEach(item => {\n      const windowStart = Math.floor(item.timestamp / windowSize) * windowSize;\n      const windowKey = windowStart.toString();\n\n      if (!this.windowData.has(windowKey)) {\n        this.windowData.set(windowKey, []);\n      }\n\n      this.windowData.get(windowKey)!.push(item);\n    });\n\n    // Clean old windows\n    const cutoff = now - (this.config.retention || 3600000); // 1 hour default\n    for (const [key, _] of this.windowData) {\n      if (parseInt(key) < cutoff) {\n        this.windowData.delete(key);\n      }\n    }\n\n    // Compute aggregations\n    return this.computeAggregations();\n  }\n\n  private computeAggregations() {\n    const results = new Map();\n\n    for (const [windowKey, windowData] of this.windowData) {\n      const aggregated = {\n        timestamp: parseInt(windowKey),\n        count: windowData.length,\n        sum: windowData.reduce((sum, item) => sum + (item.value || 0), 0),\n        avg: 0,\n        min: Math.min(...windowData.map(item => item.value || 0)),\n        max: Math.max(...windowData.map(item => item.value || 0))\n      };\n\n      aggregated.avg = aggregated.count > 0 ? aggregated.sum / aggregated.count : 0;\n      results.set(windowKey, aggregated);\n    }\n\n    return Array.from(results.values()).sort((a, b) => a.timestamp - b.timestamp);\n  }\n}\n"
    }
  }
}