{
  "real_time_dashboard_architecture": {
    "system_overview": {
      "description": "A comprehensive real-time dashboard system built on Vercel with streaming data capabilities",
      "key_components": [
        "Next.js Frontend with React",
        "Socket.io for real-time communication",
        "Vercel Edge Functions for low latency",
        "PostgreSQL for persistent data",
        "Redis for caching and sessions",
        "Real-time streaming infrastructure"
      ]
    },
    "data_flow": {
      "1_data_ingestion": "External APIs/Sensors \u2192 Stream Processing \u2192 Database",
      "2_real_time_processing": "Database Changes \u2192 Event Bus \u2192 WebSocket Server",
      "3_client_updates": "WebSocket Server \u2192 Client Connection \u2192 UI Updates",
      "4_user_interactions": "User Input \u2192 API Calls \u2192 Database Updates \u2192 Real-time Broadcast"
    },
    "scalability_features": [
      "Horizontal scaling with load balancers",
      "Database read replicas",
      "Redis clustering for cache",
      "CDN for static assets",
      "Edge computing for global distribution"
    ]
  }
}