{
  "bindings": [
    {
      "bim_id": "dashboard_click_save",
      "logic_tier": "QQQ6",
      "associated_goal": "state_cohesion",
      "feedback_loop": "prompt_dna.json",
      "live_status": true
    },
    {
      "bim_id": "agent_prompt_submit",
      "logic_tier": "QQQ4",
      "associated_goal": "prompt evolution",
      "feedback_loop": "goal_tracker.json",
      "live_status": true
    },
    {
      "bim_id": "nav_click_metrics",
      "logic_tier": "QQQ7",
      "associated_goal": "impact forecasting",
      "feedback_loop": "session_audit.json",
      "live_status": true
    }
  ]
}
