{
  "name": "traxovo-remix-qq",
  "private": true,
  "sideEffects": false,
  "type": "module",
  "scripts": {
    "build": "remix build",
    "dev": "remix dev --manual",
    "start": "remix-serve ./build/index.js",
    "typecheck": "tsc",
    "playwright:install": "playwright install chromium",
    "test:e2e": "playwright test"
  },
  "dependencies": {
    "@remix-run/node": "^2.5.1",
    "@remix-run/react": "^2.5.1",
    "@remix-run/serve": "^2.5.1",
    "isbot": "^4.1.0",
    "react": "^18.2.0",
    "react-dom": "^18.2.0",
    "playwright": "^1.40.0"
  },
  "devDependencies": {
    "@remix-run/dev": "^2.5.1",
    "@types/react": "^18.2.0",
    "@types/react-dom": "^18.2.0",
    "typescript": "^5.1.0",
    "vite": "^5.0.0"
  },
  "engines": {
    "node": ">=18.0.0"
  }
}