{
  "deployment_type": "Remix + Playwright + QQ Intelligence",
  "qq_systems_preserved": 8,
  "playwright_integration": "Bleeding-edge automation",
  "gauge_api_integration": true,
  "real_time_metrics": true,
  "consciousness_engine": true,
  "asi_excellence": true,
  "created": "2025-06-04T15:18:57.904838",
  "files_generated": [
    "remix_package.json",
    "remix.config.js",
    "app/root.tsx",
    "app/routes/_index.tsx",
    "app/lib/qq-intelligence.ts",
    "app/utils/playwright-bridge.ts",
    "REMIX_DEPLOYMENT_GUIDE.md"
  ]
}